{
  "action_pose": {
    "max": [
      1.0,
      0.4740147888660431,
      0.48811909556388855,
      0.0,
      0.0,
      0.0,
      0.0
    ],
    "mean": [
      -0.12670797109603882,
      -0.01650358736515045,
      -0.13173022866249084,
      0.0,
      0.0,
      0.0,
      0.0
    ],
    "min": [
      -0.75,
      -0.44999998807907104,
      -0.44999998807907104,
      0.0,
      0.0,
      0.0,
      0.0
    ],
    "p01": [
      -0.75,
      -0.44999998807907104,
      -0.44999998807907104,
      0.0,
      0.0,
      0.0,
      0.0
    ],
    "p99": [
      1.0,
      0.4740147888660431,
      0.48811909556388855,
      0.0,
      0.0,
      0.0,
      0.0
    ],
    "shape": [
      7
    ],
    "std": [
      0.20739568769931793,
      0.08097394555807114,
      0.23105335235595703,
      0.0,
      0.0,
      0.0,
      0.0
    ]
  },
  "eef_delta": {
    "max": [
      1.0,
      0.4740147888660431,
      0.48811909556388855,
      0.0,
      0.0,
      0.0,
      0.0
    ],
    "mean": [
      -0.12670797109603882,
      -0.01650358736515045,
      -0.13173022866249084,
      0.0,
      0.0,
      0.0,
      0.0
    ],
    "min": [
      -0.75,
      -0.44999998807907104,
      -0.44999998807907104,
      0.0,
      0.0,
      0.0,
      0.0
    ],
    "p01": [
      -0.75,
      -0.44999998807907104,
      -0.44999998807907104,
      0.0,
      0.0,
      0.0,
      0.0
    ],
    "p99": [
      1.0,
      0.4740147888660431,
      0.48811909556388855,
      0.0,
      0.0,
      0.0,
      0.0
    ],
    "shape": [
      7
    ],
    "std": [
      0.20739568769931793,
      0.08097394555807114,
      0.23105335235595703,
      0.0,
      0.0,
      0.0,
      0.0
    ]
  }
}