{
  "state_joint": {
    "shape": [
      14
    ],
    "min": [
      -7.340834140777588,
      -0.0003164021181873977,
      -0.1190902441740036,
      -1.9268131256103516,
      -1.4216828346252441,
      -6.232340335845947,
      0.0,
      -6.316576957702637,
      -0.5742834806442261,
      -0.025167275220155716,
      -1.9962948560714722,
      -2.1285502910614014,
      -6.269529342651367,
      0.0
    ],
    "max": [
      5.681515216827393,
      3.8880207538604736,
      4.500889301300049,
      1.789766788482666,
      1.6576361656188965,
      4.389739513397217,
      1.0,
      1.4380836486816406,
      3.242604970932007,
      3.6588551998138428,
      1.9530924558639526,
      1.397123098373413,
      3.548419952392578,
      1.0
    ],
    "p01": [
      -0.9772588014602661,
      -5.257390398583084e-07,
      -2.7691739887814038e-05,
      -1.6003722023963929,
      -0.5483240884542464,
      -2.194930040836334,
      0.0,
      -0.14230477809906006,
      0.0,
      -2.81171942333458e-05,
      -1.698269520998001,
      -1.0272703170776367,
      -1.6115204870700834,
      0.0
    ],
    "p99": [
      0.17338168621063232,
      2.579473412036896,
      2.469698667526245,
      1.325472354888916,
      1.2035308885574345,
      1.5665100753307355,
      1.0,
      1.0331273078918457,
      2.5935795307159424,
      2.4787985324859623,
      1.3013232445716865,
      0.9433602935075778,
      2.110866174697878,
      1.0
    ],
    "mean": [
      -0.23172122240066528,
      1.1158498525619507,
      0.815684974193573,
      -0.33593034744262695,
      0.05627578869462013,
      -0.04091314226388931,
      0.664604127407074,
      0.22493265569210052,
      1.0785232782363892,
      0.8014789819717407,
      -0.3358219563961029,
      -0.01744811423122883,
      0.015705963596701622,
      0.6817345023155212
    ],
    "std": [
      0.3526538610458374,
      0.9940825700759888,
      0.7854477167129517,
      0.6802575588226318,
      0.25817736983299255,
      0.5693578720092773,
      0.45413514971733093,
      0.3122408986091614,
      1.0206762552261353,
      0.8083193898200989,
      0.7111931443214417,
      0.2515871524810791,
      0.5987533330917358,
      0.4477251172065735
    ]
  },
  "action_joint": {
    "shape": [
      14
    ],
    "min": [
      -0.17001771926879883,
      -0.37590646743774414,
      -0.40082526206970215,
      -0.14727985858917236,
      -0.08088383078575134,
      -0.179587721824646,
      0.0,
      -0.19348382949829102,
      -0.21751618385314941,
      -0.30403614044189453,
      -0.15970289707183838,
      -0.10696345567703247,
      -0.1665184497833252,
      0.0
    ],
    "max": [
      0.2538607120513916,
      0.32327866554260254,
      0.6081445217132568,
      0.1346912682056427,
      0.11038267612457275,
      0.19999313354492188,
      1.0,
      2.506235122680664,
      0.3942258358001709,
      0.8296215534210205,
      0.15778744220733643,
      0.08295273780822754,
      0.16542768478393555,
      1.0
    ],
    "p01": [
      -0.04007780760526657,
      -0.08520872354507446,
      -0.07250652939081192,
      -0.06564180225133896,
      -0.026033814474940294,
      -0.07093410342931747,
      0.0,
      -0.029912635982036587,
      -0.07333869457244874,
      -0.06539825081825255,
      -0.06467881262302398,
      -0.03328740119934081,
      -0.05431918323040008,
      0.0
    ],
    "p99": [
      0.03621200889348988,
      0.10753257215023043,
      0.09008350431919099,
      0.0662744188308716,
      0.03481767922639849,
      0.05294596672058116,
      1.0,
      0.03826670736074449,
      0.10839464545249942,
      0.0917074424028397,
      0.05948193997144703,
      0.02558513045310977,
      0.07075326085090651,
      1.0
    ],
    "mean": [
      -0.001086091622710228,
      0.004737113602459431,
      0.00353424996137619,
      -0.00141069944947958,
      0.0003030833031516522,
      -0.0006269155419431627,
      0.6633812189102173,
      0.001378764514811337,
      0.005485146772116423,
      0.004052631091326475,
      -0.0015321832615882158,
      -0.00014035894128028303,
      0.0005373278399929404,
      0.6806071996688843
    ],
    "std": [
      0.010641801171004772,
      0.028155378997325897,
      0.02435416914522648,
      0.021549206227064133,
      0.007875552400946617,
      0.016568154096603394,
      0.4558188021183014,
      0.009916153736412525,
      0.02677355334162712,
      0.02392648719251156,
      0.020237557590007782,
      0.007606057915836573,
      0.01646602153778076,
      0.4499692916870117
    ]
  },
  "state_pose": {
    "shape": [
      14
    ],
    "min": [
      -0.701352596282959,
      -0.8233945369720459,
      0.5216488838195801,
      -3.141591787338257,
      -1.4385770559310913,
      -3.1413674354553223,
      0.0,
      -0.19763009250164032,
      -0.8412348628044128,
      0.7760849595069885,
      -3.1415915489196777,
      -1.0972243547439575,
      -3.1415767669677734,
      0.0
    ],
    "max": [
      0.17120501399040222,
      0.1889142394065857,
      1.4872254133224487,
      3.141592264175415,
      1.5707942247390747,
      3.141572952270508,
      1.0,
      0.7774501442909241,
      0.16242003440856934,
      1.4128144979476929,
      3.1415910720825195,
      1.570786952972412,
      3.141557216644287,
      1.0
    ],
    "p01": [
      -0.35977664589881897,
      -0.31384217739105225,
      0.8465026932954788,
      -2.8301447558403012,
      -0.06284822747111321,
      -2.627290463447571,
      0.0,
      -0.050706003233790396,
      -0.312802791595459,
      0.8292296719551087,
      -2.8055524826049805,
      -0.04431444700807333,
      -3.0381392121315,
      0.0
    ],
    "p99": [
      0.04105789214372635,
      0.08846937052905568,
      1.088346312046051,
      2.8466998219490067,
      1.569852590560913,
      2.5983538079261788,
      1.0,
      0.3422060802578926,
      0.0814870534837246,
      1.1261437141895294,
      2.8878987622261048,
      1.5701779592037202,
      3.0410487055778503,
      1.0
    ],
    "mean": [
      -0.21891289949417114,
      -0.1816038340330124,
      0.9582615494728088,
      -0.0412570983171463,
      0.6157136559486389,
      1.1185028553009033,
      0.664604127407074,
      0.22015488147735596,
      -0.18900075554847717,
      0.9559563398361206,
      0.07069903612136841,
      0.5959751605987549,
      1.375212550163269,
      0.6817345023155212
    ],
    "std": [
      0.105504609644413,
      0.12942537665367126,
      0.049226582050323486,
      0.8242724537849426,
      0.6989243626594543,
      0.9594341516494751,
      0.45413514971733093,
      0.10987459868192673,
      0.12877100706100464,
      0.051087845116853714,
      0.8601939678192139,
      0.7125273942947388,
      1.2236202955245972,
      0.4477251172065735
    ]
  },
  "action_pose": {
    "shape": [
      14
    ],
    "min": [
      -0.18988487124443054,
      -0.06532877683639526,
      -0.07412123680114746,
      -0.2570374608039856,
      -0.3481092154979706,
      -0.24973838031291962,
      0.0,
      -0.073496013879776,
      -0.08928428590297699,
      -0.032987236976623535,
      -0.29249072074890137,
      -0.2201271802186966,
      -0.2130327969789505,
      0.0
    ],
    "max": [
      0.09476709365844727,
      0.2172127366065979,
      0.06461048126220703,
      0.5728664398193359,
      0.17073339223861694,
      0.41380223631858826,
      1.0,
      0.048923879861831665,
      0.06977567076683044,
      0.0375218391418457,
      0.4190666675567627,
      0.16481441259384155,
      0.1996442824602127,
      1.0
    ],