{
  "action_pose": {
    "max": [
      1.0,
      0.28984227776527405,
      0.48509353399276733,
      0.0,
      0.0,
      0.0,
      0.0
    ],
    "mean": [
      -0.11185818165540695,
      -0.02688189037144184,
      -0.12661044299602509,
      0.0,
      0.0,
      0.0,
      0.0
    ],
    "min": [
      -0.75,
      -0.38143861293792725,
      -0.44999998807907104,
      0.0,
      0.0,
      0.0,
      0.0
    ],
    "p01": [
      -0.75,
      -0.38143861293792725,
      -0.44999998807907104,
      0.0,
      0.0,
      0.0,
      0.0
    ],
    "p99": [
      1.0,
      0.28984227776527405,
      0.48509353399276733,
      0.0,
      0.0,
      0.0,
      0.0
    ],
    "shape": [
      7
    ],
    "std": [
      0.2013346254825592,
      0.06950406730175018,
      0.2293207049369812,
      0.0,
      0.0,
      0.0,
      0.0
    ]
  },
  "eef_delta": {
    "max": [
      1.0,
      0.28984227776527405,
      0.48509353399276733,
      0.0,
      0.0,
      0.0,
      0.0
    ],
    "mean": [
      -0.11185818165540695,
      -0.02688189037144184,
      -0.12661044299602509,
      0.0,
      0.0,
      0.0,
      0.0
    ],
    "min": [
      -0.75,
      -0.38143861293792725,
      -0.44999998807907104,
      0.0,
      0.0,
      0.0,
      0.0
    ],
    "p01": [
      -0.75,
      -0.38143861293792725,
      -0.44999998807907104,
      0.0,
      0.0,
      0.0,
      0.0
    ],
    "p99": [
      1.0,
      0.28984227776527405,
      0.48509353399276733,
      0.0,
      0.0,
      0.0,
      0.0
    ],
    "shape": [
      7
    ],
    "std": [
      0.2013346254825592,
      0.06950406730175018,
      0.2293207049369812,
      0.0,
      0.0,
      0.0,
      0.0
    ]
  }
}